"Timestamp","Please enter your Full Name","Enter the keywords you searched for?","Which database did you use?","What paper did you read?","What did you find from this paper?","Were the results relevant to your expectation?","Please feel free to leave any comments or suggestions to make your experience better"
"2022/12/17 11:17:15 pm GMT-5","Preet Chaudhari","Machine Learning","PubMed","","Implementation about the Stock price predictions","Yes","No such suggestions"
"2022/12/17 11:30:26 pm GMT-5","Preet C","IOT","Scopus","Survey on Prediction Algorithms in Smart Homes","","Somewhat",""
"2022/12/17 11:34:46 pm GMT-5","Atharv Mhatre","Image Driven 2D Material","PubMed","Evolution of π-Peptide Self-Assembly: From Understanding to Prediction and Control.","","Yes",""
"2022/12/18 12:51:34 am GMT-5","Shawn Thomas","Machine learning ","Scopus","","","Somewhat","Results were upto the mark"
"2022/12/18 1:49:25 am GMT-5","Ashish karade","Machine learning ","Scopus","Fornet , a software package for training Behler - Parrinello neural network ","Research paper on software package","No","None"
"2022/12/18 1:59:16 am GMT-5","Sutariya Ashish","Cloud Computing","Web of Science","Block Design-Based Key Agreement for Group Data Sharing in Cloud Computing","","No",""